<?xml version="1.0" encoding="UTF-8"?>
<project-private xmlns="http://www.netbeans.org/ns/project-private/1">
    <editor-bookmarks xmlns="http://www.netbeans.org/ns/editor-bookmarks/2" lastBookmarkId="0"/>
    <open-files xmlns="http://www.netbeans.org/ns/projectui-open-files/2">
        <group>
            <file>file:/Users/hemantmht0/Desktop/LLStackQueue_Mahato/src/LLSQ_Mahato/Node.java</file>
            <file>file:/Users/hemantmht0/Desktop/LLStackQueue_Mahato/src/LLSQ_Mahato/MahatoArrayStack.java</file>
            <file>file:/Users/hemantmht0/Desktop/LLStackQueue_Mahato/src/LLSQ_Mahato/MahatoArrayQueue.java</file>
            <file>file:/Users/hemantmht0/Desktop/LLStackQueue_Mahato/src/LLSQ_Mahato/LLSQDriver.java</file>
            <file>file:/Users/hemantmht0/Desktop/LLStackQueue_Mahato/src/LLSQ_Mahato/SinglyLinkedListClass_Mahato.java</file>
        </group>
    </open-files>
</project-private>
